{"cameraMode":{"drawMode":0,"name":"Shaded","section":"Shading Mode"},"sceneLighting":false,"audioPlay":false,"sceneViewState":{"showFog":true,"showMaterialUpdate":false,"showSkybox":false,"showFlares":true,"showImageEffects":true,"showParticleSystems":true},"in2DMode":false,"pivot":{"x":10.138124465942383,"y":-1.2518033981323243,"z":0.36728477478027346},"rotation":{"x":0.035987488925457,"y":0.953661322593689,"z":-0.27042320370674136,"w":0.12691166996955872},"size":156.54714965820313,"orthographic":false}