{"cameraMode":{"drawMode":0,"name":"Shaded","section":"Shading Mode"},"sceneLighting":false,"audioPlay":false,"sceneViewState":{"showFog":true,"showMaterialUpdate":false,"showSkybox":false,"showFlares":true,"showImageEffects":true,"showParticleSystems":true},"in2DMode":false,"pivot":{"x":1.2121124267578126,"y":4.239984512329102,"z":0.3830080032348633},"rotation":{"x":-0.04178505390882492,"y":-0.7887223362922669,"z":0.05408833920955658,"w":-0.6110619306564331},"size":10.0,"orthographic":false}