{"cameraMode":{"drawMode":0,"name":"Shaded","section":"Shading Mode"},"sceneLighting":false,"audioPlay":false,"sceneViewState":{"showFog":true,"showMaterialUpdate":false,"showSkybox":false,"showFlares":true,"showImageEffects":true,"showParticleSystems":true},"in2DMode":false,"pivot":{"x":-0.10212326049804688,"y":10.159161567687989,"z":0.5501537322998047},"rotation":{"x":0.32505229115486147,"y":0.6151168942451477,"z":-0.3081352114677429,"w":0.648884117603302},"size":14.969371795654297,"orthographic":false}