{"cameraMode":{"drawMode":0,"name":"Shaded","section":"Shading Mode"},"sceneLighting":true,"audioPlay":false,"sceneViewState":{"showFog":true,"showMaterialUpdate":false,"showSkybox":true,"showFlares":true,"showImageEffects":true,"showParticleSystems":true},"in2DMode":false,"pivot":{"x":-20.24788475036621,"y":57.83690643310547,"z":200.2860870361328},"rotation":{"x":0.4342988431453705,"y":0.021615082398056985,"z":-0.010425013490021229,"w":0.9004502892494202},"size":216.91078186035157,"orthographic":false}