{"cameraMode":{"drawMode":0,"name":"Shaded","section":"Shading Mode"},"sceneLighting":true,"audioPlay":false,"sceneViewState":{"showFog":true,"showMaterialUpdate":false,"showSkybox":true,"showFlares":true,"showImageEffects":true,"showParticleSystems":true},"in2DMode":false,"pivot":{"x":-4.29290771484375,"y":-1.5261249542236329,"z":32.33320236206055},"rotation":{"x":0.016566308215260507,"y":0.9734795093536377,"z":-0.07460270076990128,"w":0.21585756540298463},"size":35.43755340576172,"orthographic":false}