{"cameraMode":{"drawMode":0,"name":"Shaded","section":"Shading Mode"},"sceneLighting":false,"audioPlay":false,"sceneViewState":{"showFog":true,"showMaterialUpdate":false,"showSkybox":false,"showFlares":true,"showImageEffects":true,"showParticleSystems":true},"in2DMode":false,"pivot":{"x":-372.8895568847656,"y":224.77291870117188,"z":368.0321350097656},"rotation":{"x":0.1293933391571045,"y":-0.15580344200134278,"z":0.020598677918314935,"w":0.9790747761726379},"size":207.6881866455078,"orthographic":false}