{"cameraMode":{"drawMode":0,"name":"Shaded","section":"Shading Mode"},"sceneLighting":true,"audioPlay":false,"sceneViewState":{"showFog":true,"showMaterialUpdate":false,"showSkybox":true,"showFlares":true,"showImageEffects":true,"showParticleSystems":true},"in2DMode":false,"pivot":{"x":-0.8067750930786133,"y":3.7223129272460939,"z":1.5019111633300782},"rotation":{"x":-0.2289012372493744,"y":0.6960117220878601,"z":-0.25201907753944399,"w":-0.6322005391120911},"size":3.3313217163085939,"orthographic":false}